-0.43256,-1.6656,0.12533
0.28768,-1.1465,1.1909
1.1892,-0.037633,0.32729
0.17464,-0.18671,0.72579
-0.58832,2.1832,-0.1364
0.11393,1.0668,0.059281
-0.095648,-0.83235,0.29441
-1.3362,0.71432,1.6236
-0.69178,0.858,1.254
-1.5937,-1.441,0.57115
-0.39989,0.69,0.81562
0.71191,1.2902,0.6686
1.1908,-1.2025,-0.01979
-0.15672,-1.6041,0.2573
-1.0565,1.4151,-0.80509
0.52874,0.21932,-0.9219
-2.1707,-0.059188,-1.0106
0.61446,0.50774,1.6924
0.59128,-0.6436,0.38034
-1.0091,-0.019511,-0.048221
4.3192e-05,-0.31786,1.095
-1.874,0.42818,0.89564
0.73096,0.57786,0.040314
0.67709,0.5689,-0.25565
-0.37747,-0.29589,-1.4751
-0.234,0.11844,0.31481
1.4435,-0.35097,0.62323
0.79905,0.94089,-0.99209
0.21204,0.23788,-1.0078
-0.74204,1.0823,-0.1315
0.38988,0.087987,-0.63547
-0.55957,0.44365,-0.9499
0.78118,0.56896,-0.82171
-0.26561,-1.1878,-2.2023
0.98634,-0.51864,0.32737
0.23406,0.021466,-1.0039
-0.94715,-0.37443,-1.1859
-1.0559,1.4725,0.055744
-1.2173,-0.041227,-1.1283
-1.3493,-0.2611,0.95347
0.12864,0.65647,-1.1678
-0.46061,-0.26244,-1.2132
-1.3194,0.93122,0.011245
-0.64515,0.80573,0.23163
-0.98976,1.3396,0.2895
1.4789,1.138,-0.68414
-1.2919,-0.072926,-0.3306
-0.84363,0.49777,1.4885
-0.54648,-0.84676,-0.24634
0.66302,-0.8542,-1.2013
-0.11987,-0.065294,0.4853
-0.59549,-0.14967,-0.43475
-0.07933,1.5352,-0.60648
-1.3474,0.46938,-0.90357
0.03588,-0.62753,0.5354
0.55288,-0.20369,-2.0543
0.13256,1.5929,1.0184
-1.5804,-0.078662,-0.68166
-1.0246,-1.2344,0.28881
-0.4293,0.055801,-0.36787
-0.46497,0.37096,0.72828
2.1122,-1.3573,-1.0226
1.0378,-0.3898,-1.3813
0.31554,1.5532,0.70789
1.9574,0.50454,1.8645
-0.33981,-1.1398,-0.21112
1.1902,-1.1162,0.63527
-0.60141,0.55118,-1.0998
0.085991,-2.0046,-0.49309
0.46205,-0.321,1.2366
-0.63128,-2.3252,-1.2316
1.0556,-0.11322,0.37922
0.9442,-2.1204,-0.64468
-0.7043,-1.0181,-0.18208
1.521,-0.038439,1.2274
-0.6962,0.0075245,-0.78289
0.58694,-0.25121,0.48014
0.66816,-0.078321,0.88917
2.3093,0.52464,-0.011787
0.91314,0.055941,-1.1071
0.4855,-0.0050051,-0.27622
1.2765,1.8634,-0.52256
0.10342,-0.80765,0.68044
-2.3646,0.99011,0.2189
0.26166,1.2134,-0.27467
-0.13313,-1.2705,-1.6636
-0.70355,0.28088,-0.54121
-1.3335,1.0727,-0.71209
-0.011286,-0.00081703,-0.24944
0.39658,-0.26401,-1.664
-1.029,0.24309,-1.2566
-0.34718,-0.94137,-1.1746
-1.0211,-0.40167,0.17367
-0.11612,1.0641,-0.24539
-1.5175,0.0097342,0.071373
0.31654,0.49983,1.2781
-0.54782,0.26081,-0.013177
-0.58026,2.1363,-0.25762
-1.4095,1.7701,0.32555
-1.119,0.62035,1.2698
-0.89604,0.13518,-0.13904
-1.1634,1.1837,-0.01543
0.53622,-0.71643,-0.65556
0.31436,0.10681,1.8482
-0.27511,2.2126,1.5085
-1.9451,-1.6805,-0.57353
-0.18582,0.0089341,0.83695
-0.72227,-0.72149,-0.20118
-0.020464,0.27889,1.0583
0.62167,-1.7506,0.69735
0.81149,0.63634,1.3101
0.3271,-0.67299,-0.14933
-2.449,0.47329,0.11695
-0.5911,-0.65471,-1.0807
-0.047731,0.37934,-0.33036
-0.4999,-0.035979,-0.17476
-0.95727,1.2925,0.44091
1.2809,-0.49773,-1.1187
0.80765,0.0412,-0.75621
-0.089129,-2.0089,1.0839
-0.98119,-0.68849,1.3395
-0.90924,-0.41286,-0.50616
1.6197,0.080901,-1.0811
-1.1245,1.7357,1.9375
1.6351,-1.2559,-0.21354
-0.19893,0.3075,-0.57233
-0.97765,-0.44681,1.0821
2.3726,0.22929,-0.26662
0.70167,-0.48759,1.8625
1.1069,-1.2276,-0.66989
1.3409,0.38808,0.39306
-1.7073,0.22786,0.68563
-0.63679,-1.0026,-0.18562
-1.054,-0.071539,0.2792
1.3733,0.17984,-0.54202
1.6342,0.82522,0.23076
0.67163,-0.50808,0.85635
0.2685,0.62498,-1.0473
1.5357,0.43443,-1.9171
0.46994,1.2744,0.63854
1.3808,1.3198,-0.90943
-2.3056,1.7887,0.3908
0.020324,-0.40598,-1.5349
0.22137,-1.3745,-0.83929
-0.20864,0.75591,0.37573
-1.3454,1.4819,0.032736
1.8705,-1.209,-0.78263
-0.7673,-0.1072,-0.97706
-0.96399,-2.3792,-0.83819
0.25735,-0.18383,-0.16762
-0.11699,0.16849,-0.50121
-0.70508,0.50816,-0.42092
0.22913,-0.9595,-0.14604
0.74454,-0.8905,0.13906
-0.23614,-0.075459,-0.35857
-2.0776,-0.14355,1.3933
0.6518,-0.37713,-0.66144
0.24896,-0.38352,-0.52848
0.055388,1.2538,-2.52
0.58486,-1.0081,0.94428
-2.424,-0.22383,0.05807
-0.42461,-0.20292,-1.5131
-1.1264,-0.815,0.36661
-0.58611,1.5374,0.14007
-1.8628,-0.45419,-0.65207
0.10332,-0.22063,-0.27904
-0.73366,-0.064534,-1.444
0.61234,-1.3235,-0.66158
-0.14611,0.24808,-0.076633
1.7382,1.622,0.62644
0.091814,-0.80761,-0.46134
-1.406,-0.37453,-0.47091
1.7513,0.75322,0.064989
-0.29276,0.082823,0.76619
2.2368,0.32689,0.8633
0.67939,0.55476,1.0016
1.2594,0.044151,-0.31414
0.22671,0.99669,1.2159
-0.5427,0.91223,-0.17214
-0.33595,0.54149,0.93211
-0.57025,-1.4986,-0.050346
0.55302,0.083498,1.5775
-0.33077,0.79515,-0.7848
-1.2631,0.66665,-1.3926
-1.3006,-0.60502,-1.4886
0.55854,-0.27735,-1.2937
-0.88844,-0.98652,-0.071618
-2.4146,-0.69435,-1.3914
0.32965,0.59854,0.14718
-0.10144,-2.635,0.028053
-0.87631,-0.26548,-0.32758
-1.1582,0.58005,0.23976
-0.35088,0.8921,1.5783
-1.1082,-0.025931,-1.1106
0.75083,0.50017,-0.51726
-0.55921,-0.75337,0.92581
-0.24852,-0.14983,-1.2584
0.31262,2.6903,0.2897
-1.4228,0.24679,-1.4358
0.14857,-1.6931,0.71919
1.1418,1.5519,1.3836
-0.75809,0.44266,0.9111
-1.0741,0.20176,0.76286
-1.2882,-0.95296,0.77817
-0.0063311,0.52449,1.3643
0.48204,-0.78707,0.752
-0.16689,-0.81623,2.0941
0.080153,-0.9373,0.63574
1.682,0.59363,0.79015
0.10525,-0.15858,0.87091
-0.19476,0.075474,-0.52663
-0.68548,-0.26839,-1.1883
0.24858,0.10245,-0.041007
-2.2476,-0.51078,0.24924
0.3692,0.1792,-0.037283
-1.6033,0.33937,-0.13113
0.48519,0.59875,-0.086031
0.32529,-0.33514,-0.32245
-0.38237,-0.95337,0.23358
1.2352,-0.57853,-0.50154
0.72286,0.039498,1.5413
-1.7011,-1.0337,-0.76371
2.1764,0.43161,-0.44377
0.029996,-0.31567,0.97785
0.018295,0.81796,0.70234
-0.23127,-0.11369,0.12794
-0.79941,-0.23861,-0.089463
-1.0233,0.93754,-1.1317
-0.7107,-1.1695,1.0654
-0.68039,-1.7258,0.8132
1.4419,0.67227,0.13866
-0.85953,-0.75225,1.2296
1.1508,-0.60803,0.80616
0.21713,-0.37346,-0.83203
0.28687,-1.8189,-1.5731
2.0157,-0.071982,2.6289
-0.24332,0.17328,0.92321
-0.17855,-0.5217,1.432
-0.87012,0.80754,-0.51063
0.74351,0.8479,-0.8299
0.53299,1.0328,-1.052
0.36211,-0.036787,-1.2276
-0.2751,-0.16044,-1.0836
-1.9542,-0.90949,-0.0055787
-1.7235,1.2631,-0.60043
-2.0639,0.11091,1.4876
0.053002,0.16198,-0.026878
0.17358,0.88217,0.18229
0.7553,0.50803,0.13188
0.2801,-0.98285,-0.94409
-0.013058,0.35435,-0.89471
0.81211,0.10954,2.7316
0.41108,-1.3069,0.38381
0.4995,-0.51079,0.23492
-0.59783,0.020771,0.41944
1.1911,0.77121,-2.6442
0.28543,0.82609,-0.0081225
0.85844,0.77479,1.3059
1.2315,0.95856,-1.6545
-0.9904,0.68524,-0.97487
-0.60673,0.68679,0.020049
1.0638,-1.341,0.47951
-1.634,-1.4427,0.29378
-0.14036,-1.1303,-0.29254
-0.58254,-0.89635,0.2486
-1.4897,0.31351,-2.0251
0.52899,0.34347,0.75819
-0.69194,0.68018,-1.0725
0.89977,-2.1231,0.28471
-0.73332,-0.77338,0.15184
-0.33684,0.97076,-0.10724
1.0135,-0.47535,0.068948
0.39859,1.1163,0.62045
-0.28767,-1.3718,-0.68587
0.33168,-0.99772,0.29142
1.1071,0.24496,0.16498
0.40623,1.216,1.4484
-1.0251,0.20542,0.58888
-0.26402,2.4953,0.85595
-0.85095,0.81188,0.70024
0.75994,-1.7129,1.537
-1.6098,1.1095,-1.1097
0.38547,0.96523,0.8183
0.037049,-0.92601,-0.11192
-0.80303,-1.665,-0.9014
0.58835,0.55416,-0.41517
0.061795,0.45743,0.19901
0.25756,2.0807,-2.2772
0.33902,0.28989,0.66226
-0.58086,0.88775,0.17187
0.84882,0.96377,1.3219
-0.064345,1.3171,0.22802
-1.4296,-0.1497,-0.50497
-1.7291,-0.41747,-0.61497
0.72078,0.33936,0.88285
0.28425,-0.14554,-0.089646
0.28916,1.1648,0.80573
-1.3556,0.12089,-0.22218
0.57173,-0.30014,1.1343
-0.17936,-1.4671,1.3953
0.44084,0.56538,-0.69362
0.83387,-2.2374,1.0976
-0.0016169,-1.6146,-1.2287
0.2074,0.22094,-1.0061
-0.45307,1.3995,-0.46196
0.032716,0.79878,0.89682
0.13789,-1.6191,-1.6466
0.42871,-0.73723,0.56493
-1.3842,0.46027,0.62938
0.37985,-1.0133,-0.34724
0.44191,-1.5902,-0.70142
-1.0776,1.0022,1.7295
0.70903,-0.7479,0.22886
-0.2235,-0.85328,0.34563
0.10976,-1.133,-0.68312
-0.27786,0.65479,-1.2484
-0.59754,-0.48181,0.98337
1.7621,1.4274,0.91176
0.32682,0.069619,-1.4998
-0.41822,-0.021037,0.22842
-1.0082,-0.66462,0.55818
-1.1885,-0.77548,0.27104
1.535,-1.0523,0.62556
-0.79763,-0.31352,-0.60221
1.2591,0.85848,-2.1053
-0.36094,0.55356,-1.5564
-0.20667,-0.42557,0.49378
-0.87091,0.079828,-0.52162
-1.4139,-0.38429,-0.45792
-0.29147,-0.30122,-1.5886
1.0943,1.3242,-0.12648
-0.73716,0.21372,-0.40053
0.064938,-1.758,1.6867
0.3274,0.71597,1.5986
-2.0647,-0.74363,0.17618
0.52784,-0.55315,0.29828
-1.2266,-0.18968,-0.30171
0.95696,-0.53337,-0.90108
-0.89255,0.27872,-0.74581
1.6035,0.57427,0.32065
-0.15138,0.31576,1.3437
-2.2378,1.2929,-0.37846
0.0025214,0.88464,0.58245
-1.6142,-1.5037,0.57359
-0.91054,-1.6313,-0.35914
-0.39762,-1.1613,-1.1098
0.29067,-1.9102,1.3148
0.66532,-0.27511,-0.023022
-0.90798,-1.0437,0.37352
0.90153,1.2785,-0.12846
0.61282,1.9565,2.2663
-0.37396,2.238,-0.15958
-0.70328,0.56348,-0.050296
1.1636,0.65881,-1.5501
-3.0291,0.54058,-1.009
0.90805,1.5823,-0.97909
1.0079,0.15849,-0.58693
1.5741,-0.51665,1.2278
1.5839,-2.089,2.9495
1.3561,1.0501,-0.76717
-0.25765,-1.3718,-1.2677
-0.89495,0.58909,1.8426
1.348,-0.49125,-2.1776
0.237,-0.73541,-1.7794
0.44803,0.58121,0.85661
-0.26626,-0.41747,-0.20581
-0.17432,0.21758,1.6843
0.11953,0.65067,2.0801
-0.33922,0.73011,0.29397
-0.84911,-2.5339,-2.3789
-0.34628,-0.61094,-0.40819
-1.4156,0.22712,0.20797
-0.71972,0.75776,-1.6431
-1.0568,-0.25166,-1.2984
1.2333,1.4946,0.23594
-1.4044,0.65879,-2.5566
-0.53495,3.2025,0.4392
-1.1499,0.88676,-0.28339
1.0353,-0.36488,1.342
1.0089,0.21387,-0.29926
0.25585,-0.19083,-0.07906
0.69985,-0.79654,-0.80128
-0.0075986,-0.72681,-1.4909
0.87033,-0.26568,-1.5667
-0.39464,-0.14385,-2.3342
-1.3575,-1.8157,1.1084
-0.14211,1.1128,0.55926
0.47837,-0.67938,0.28497
-1.3329,-0.72398,-0.6636
0.19844,-1.7949,-1.3877
0.19777,1.4693,0.36649
-0.44278,-0.048563,0.077709
1.9579,-0.072848,0.93881
-0.079608,-0.80096,0.30942
1.0518,-1.6642,-1.0908
-0.19173,0.4634,-0.92415
-0.64966,0.62289,-1.3351
1.0477,0.86333,-0.64241
0.66001,1.2941,0.31458
0.85957,0.12867,0.016568
-0.072801,-0.99431,-0.74736
-0.030814,0.98835,-0.59902
1.4766,-0.8138,0.64504
-1.3099,-0.86743,-0.47423
0.22242,1.8713,0.11
-0.41134,0.51124,-1.1991
-0.096361,0.44582,-0.29582
-0.168,0.17954,0.42112
1.6777,1.9969,0.69696
-1.3664,0.36305,-0.56704
-1.0442,0.69714,0.48403
-0.19375,-0.3781,-0.88637
-1.8402,-1.6282,-1.1738
-0.41541,0.17509,0.22943
-1.2409,0.7,0.42688
1.4548,-0.51019,-0.0066567
-0.5255,0.7177,1.0884
0.50055,2.7718,-0.16031
0.42949,-1.9668,-0.54602
-1.8884,-0.10795,-1.3161
-0.67263,-0.90236,-0.1548
0.94724,1.5504,0.42904
-0.56079,0.1793,-0.77151
-0.94339,-1.4076,-1.9061
-0.065293,0.67215,0.20615
-0.0081242,0.020042,-0.55845
1.8861,-0.21998,-1.4144
-0.30281,-0.56957,-0.12149
-0.39017,-0.84429,-1.7378
-0.44952,-1.5479,-0.095776
0.90771,2.3696,0.51977
0.41053,1.0526,0.42878
1.2951,-0.18605,0.13073
-0.65763,-0.75927,-0.59517
0.8124,0.069541,-1.8337
1.8274,0.65408,-1.5448
-0.37511,0.20769,-0.76561
-0.10636,0.33877,1.0335
-1.4048,-1.0306,-0.64337
0.17079,1.3448,1.9363
0.74134,0.81198,-0.14281
-0.099858,-0.80013,0.49325
1.2376,1.296,-0.2782
0.21713,0.63073,-0.54855
0.22963,0.35531,0.52128
-0.61597,1.3458,0.97492
-2.3779,-1.0923,-0.32571
-2.0122,1.5677,0.23334
0.64642,-1.1294,0.19704
1.6969,0.72603,0.79253
0.60336,-0.058405,-1.1087
2.1442,-1.3528,0.45702
0.39117,2.073,-0.32332
1.4681,-0.5024,0.20959
0.7548,-0.94819,0.61316
1.7605,0.088762,2.5956
-0.67547,2.7868,-0.016827
0.27165,-0.9141,-1.9514
-0.31742,0.58833,0.829
-1.6749,-1.9223,-0.43666
0.044974,2.4166,-0.30989
0.18758,0.9477,-0.5257
-1.1156,-1.5923,1.1748
0.48514,1.6455,-0.45423
1.0088,2.0494,0.60202
0.01786,-1.6104,1.2388
0.68359,-0.78072,0.53098
2.1345,0.35436,0.2317
1.288,-0.013488,-1.3333
-0.55634,0.7556,-0.91185
1.3717,0.24558,0.11884
0.38469,-0.070152,-0.57831
0.46931,1.2997,1.6348
-0.70281,0.80725,-1.0275
1.2945,0.01493,0.21871
1.7132,-2.0788,0.11292
-1.0865,-1.5583,0.63741
-0.40458,-0.40333,0.084076
-0.43535,-0.56262,0.87806
-0.81465,-0.25836,0.4933
-0.80269,-0.0083286,0.62757
0.15438,2.5807,-1.3062
1.0235,0.7778,-0.83388
-0.58666,0.065664,-0.012342
-0.076987,-1.5586,1.7026
-0.46898,0.094619,0.28707
0.91935,0.51014,0.24544
-1.4005,0.96957,1.5937
-1.4379,-1.5342,-0.07471
0.081459,-0.84324,-0.56464
-0.028207,-1.2437,0.73304
0.05958,0.14914,1.5959
-0.77725,1.5503,1.055
-0.16665,0.31448,1.4196
0.32735,0.47565,0.39875
-0.07277,1.3148,0.97828
1.7221,-0.4123,0.56513
0.73985,0.22014,1.3128
0.62915,-1.108,-0.447
-0.72599,0.35405,-0.50677
-2.1037,-0.66468,1.4501
-0.32981,2.7019,-1.6349
-0.53633,0.54722,1.4926
-0.45524,-0.49642,1.2353
0.040926,0.74847,1.2308
0.3049,1.0778,0.76515
-1.3196,-0.50919,0.55512
-1.9576,-0.76045,-2.4439
-0.65937,-0.11478,0.30008
-0.584,-3.0737,1.551
-0.40737,1.4281,-1.3532
0.90397,0.54167,-0.46502
2.4304,2.0205,0.79729
0.030996,0.54074,0.68392
-0.59005,-0.26108,1.5171
1.0073,0.30342,-0.81708
-0.49119,0.86747,0.36079
-0.080371,0.7493,-1.792
1.2132,-0.060524,-0.39252
0.60955,0.64358,1.0195
0.93444,1.2286,-0.24949
-0.70758,-0.59382,-0.26231
1.2428,-1.5489,-0.38676
0.2751,0.82615,-0.97928
-0.1043,0.12785,0.062544
0.37162,-0.10396,-0.69678
-0.38682,0.016134,1.3692
0.41688,0.068741,0.29419
0.47263,1.7827,0.26058
1.5107,0.31697,0.80347
0.58087,1.7786,-0.93807
-0.91667,0.37601,0.90978
0.15425,-0.20226,1.4887
-0.62164,0.80954,1.9288
0.39606,-0.8614,2.4319
-0.84052,0.28045,0.82042
1.2278,-0.063565,0.64526
-1.7713,0.059612,-0.76018
-1.6909,1.1037,1.4625
0.23621,-1.0977,2.4152
-0.40211,0.91413,-0.13596
1.3142,0.32236,-0.4765
0.076162,-0.10515,1.417
0.70791,0.36792,-0.60284
-0.85211,0.65512,1.4702
-0.8104,-1.2762,1.7223
0.10188,-0.802,-1.2508
1.2377,1.5282,1.7769
0.63117,0.083259,2.14
1.2635,-1.7506,-0.014432
2.4681,-0.66916,0.25993
-0.37233,1.3186,-0.65308
0.062179,-0.73587,-0.17932
1.0847,0.13691,-0.015608
-0.93849,-1.4781,0.36193
0.47779,0.32174,-1.8776
0.68053,0.2334,1.2395
0.12566,0.17972,-0.60506
-1.0369,-0.29528,1.4561
1.8025,-1.3336,0.38726
-0.022809,0.1106,0.81281
-1.0091,-1.0046,0.28296
0.28975,-0.2473,-0.21886
0.89869,-0.64221,-0.18044
0.71791,0.30139,1.5489
-0.044242,-0.029651,-0.38211
-0.55393,0.93236,-1.3158
-0.30152,-2.5996,0.78008
0.60294,0.9428,-1.0239
-0.06783,0.08176,-1.767
-1.7813,-0.66035,1.3514
2.1364,0.16678,-1.7052
0.27653,0.39451,-0.098555
0.17645,-1.8379,-1.5023
0.8192,-0.23457,-1.6316
-0.31794,-0.79629,0.6908
-0.04201,0.32404,0.50646
-1.0286,0.099426,-0.11635
0.68924,1.8833,0.32543
-0.095213,0.031172,-0.6138
-1.7313,0.47878,-0.44784
0.38681,0.052959,-0.48609
0.24447,0.71831,0.15349
0.13378,-1.0062,1.3065
1.1991,-2.5773,-2.0863
0.38613,-0.86103,-1.2308
2.6416,-0.9044,-1.2233
0.3032,-0.7301,-1.1436
-1.4132,-0.59182,0.51889
-1.4928,-0.086684,-0.01262
-0.34586,0.98631,0.64326
2.9199,-1.2486,0.15711
0.78873,-0.57708,0.52763
1.6717,0.80008,0.88379
-0.22419,0.29699,-0.52101
-0.15536,-0.098498,0.99717
0.43447,-0.025721,-0.37993
-0.2424,-1.1651,0.75661
1.1642,-1.0235,1.7016
-0.49417,0.17271,0.35406
-0.24626,-0.14574,-1.169
-0.022011,0.61828,1.8659
0.081875,1.608,-0.38067
-1.2996,-0.72396,-0.56498
0.62166,-1.3355,-0.12311
-1.1028,-2.7532,0.25202
-0.85815,1.1354,-0.29791
1.1543,1.0461,2.1269
-0.65577,-1.1424,0.94904
-0.40461,-0.38433,0.48202
0.44377,0.3811,1.1023
0.85645,-1.1785,0.40197
-0.58423,-0.97949,0.11511
0.068471,-0.5299,0.54111
0.68172,0.53856,-0.51004
-1.3221,-0.61066,-0.56531
0.086175,0.6915,2.1338
-0.0028639,-0.089523,-0.25498
-0.87421,0.42293,-0.1334
0.53958,0.87517,-1.2508
0.86831,-0.80481,-0.75269
-0.74581,-0.30965,-1.5219
0.82653,-0.61299,0.95973
1.973,0.29496,-0.39265
0.57593,-1.1414,0.061069
0.012318,-0.16812,-0.68735
-0.99065,-0.049762,0.7193
-0.28306,-1.425,0.46155
1.0915,-1.0443,-2.8428
0.99682,0.076534,-1.8667
-0.61361,1.1694,-0.57501
-0.26479,0.0047222,-0.03941
-0.50539,-1.1578,0.71043
0.72817,0.86688,2.4316
0.1102,0.026449,0.97032
-0.0052597,1.4095,1.7579
0.88501,1.1409,0.40322
0.19101,-0.69363,0.011036
-1.1056,1.908,-0.16541
-0.73243,-0.99074,0.89431
0.44823,0.88922,1.0733
-0.10473,1.5473,0.16983
0.80405,-1.724,0.17413
-0.48408,-0.73163,-2.1319
-1.8104,-0.052338,-0.086212
-1.1897,-0.75414,0.94728
-0.18263,-0.066268,0.90502
1.4582,-1.118,1.8133
0.15075,-0.28299,1.6501
0.66638,-0.34636,-0.26404
-0.64435,-0.90554,0.71668
-0.0073364,-2.8148,-0.14955
0.57749,0.75312,-0.16698
-0.58182,0.36576,-0.54892
0.57874,-1.9558,0.52201
1.6011,0.73256,0.55575
-0.81335,-0.53897,1.3079
-0.48258,-1.7524,-0.92657
0.92244,0.041001,0.41365
0.59724,1.9243,0.71412
-2.3123,1.3807,1.3907
-0.4539,-0.6283,1.0232
-0.48911,-0.4024,1.3997
0.28056,1.8809,-0.79967
-0.5607,1.7089,-0.64481
-1.4225,-0.75594,0.15752
0.37835,0.17866,-0.60277
-0.99341,1.1889,2.388
2.2655,2.3011,-0.27008
0.50284,-0.11919,-0.0018891
-0.43265,-0.19482,0.98535
0.4686,-1.3649,0.27369
2.6467,-0.053754,0.47251
-2.08,-0.80249,-0.45679
0.19386,0.88953,-1.5917
-0.32198,-0.7038,-0.74429
0.37129,1.4373,0.45991
0.66074,1.1244,0.97941
-1.3164,-0.023211,0.13455
2.4081,0.9017,0.076185
0.36174,-2.0587,-2.332
-0.3709,1.2857,0.55705
-0.18023,-0.035676,1.9344
1.3056,-0.35579,-0.32768
0.083086,0.43338,-1.223
-2.7359,-0.53503,2.209
-0.60573,1.4352,1.1948
0.74314,-0.1214,-0.03116
-1.003,-1.0381,0.62858
0.86781,2.0718,-0.59441
0.58628,1.5256,2.1432
-0.74604,-1.5315,-0.21322
0.49252,-0.32328,0.82223
-1.4143,1.1437,0.97902
0.49257,1.2579,0.5941
0.4545,-1.4178,-0.9199
-1.4481,-1.4813,0.097297
-0.22626,-0.31722,0.63403
0.038952,-0.016428,0.44952
-0.52232,-1.0551,-0.04783
-0.49903,1.6275,-0.239
-0.96167,-0.15272,1.683
1.5551,-1.0502,0.096742
0.25163,2.2472,0.31046
1.9916,-0.11926,-0.27273
1.4445,-0.074413,-0.36251
-0.77703,-0.25011,-0.41868
1.4149,-0.84739,0.16613
-0.04819,-2.9772,1.007
0.88437,-0.40586,-2.6192
-0.96859,0.55532,0.75945
-0.57205,1.158,-0.308
0.0031709,-1.4061,1.6241
0.13962,-1.8166,-2.7892
0.26241,0.11922,0.33231
-0.44655,0.0052413,-0.20607
0.049545,0.92596,0.35077
-0.79576,-0.62224,1.4299
-2.0849,0.033695,-0.015672
-0.5543,-1.1636,0.10003
0.47826,1.7747,-0.47055
-0.92528,0.0015466,0.6373
-1.5689,0.70018,0.97375
-0.070477,-0.03368,0.30247
-0.65662,-0.052208,0.77317
-0.31985,-1.1206,1.4606
0.40906,1.1326,0.57003
-0.91772,1.701,-0.0248
-0.76977,-0.83753,-0.09176
0.63013,0.38454,-0.60991
-0.41368,1.1181,-0.70033
-0.35007,1.8168,-1.6401
0.27706,-0.67452,0.2039
1.3074,0.46209,1.2885
-0.9561,1.1957,-0.40557
-0.60338,1.8336,-0.96527
-0.39696,0.089832,0.26396
0.29217,0.78175,0.40401
-0.32543,-0.37386,-0.29427
-1.7179,-0.053934,0.21786
2.1732,0.57242,0.81501
-1.0789,-0.5799,-1.8757
0.91749,-0.54694,-0.60511
0.025266,0.26149,0.74349
-0.162,0.43571,0.86127
0.064075,-1.7273,0.71604
0.036632,-0.18487,-0.81474
0.98997,-1.7817,-0.04403
0.89021,-0.45614,-1.9037
-0.39211,-1.107,1.7575
-0.71921,-0.21993,0.57501
0.17015,-0.49578,1.2027
-0.11206,0.56282,-0.030658
-1.3228,-1.083,0.15752
-1.4664,0.67355,0.36253
0.60654,0.074194,1.0805
-0.66242,0.4754,1.2443
0.029642,0.6917,-0.6856
-0.043132,-1.5477,-1.0718
-0.22109,-1.6758,-1.6981
-0.10852,-0.30077,-1.3683
0.73774,-0.40432,0.85678
3.3437,0.62645,1.2796
-0.74124,1.0341,-0.61822
0.42376,0.89489,-0.23748
-0.12794,1.0195,1.7484
0.98746,-0.42008,-0.33367
-0.85776,-0.77159,1.4643
1.0918,-0.21681,1.4199
0.62685,2.2215,-1.2924
1.1703,-1.1789,-0.5679
1.1773,0.22571,0.75761
-0.84837,1.8595,-0.035957
2.5915,-0.69126,-1.5765
-0.61013,0.3767,1.2728
-0.59176,2.2496,-0.016324
0.73575,-0.64085,1.4443
-1.159,0.68631,0.7304
0.51451,1.6958,-0.67633
3.4128,-0.39474,1.2059
0.3078,-0.48643,-0.33103
0.77669,-0.33268,2.0963
0.38879,-0.65252,-0.056763
0.42253,-0.074877,0.78669
-0.13707,0.63647,1.5781
-0.030894,0.31632,1.9848
-0.64504,0.31328,1.5924
-0.97318,-1.1477,-1.4845
-0.96609,-0.039656,-2.1219
-1.8364,-1.542,-0.2354
1.1994,-0.033172,-0.54137
-0.067415,2.256,0.21237
0.18841,0.28474,-1.5296
-2.3702,-2.0321,1.2202
-0.36479,-0.63276,-0.22255
0.18058,0.89711,-1.2305
0.12537,0.80739,-1.0653
-2.0091,0.24317,0.14946
2.6078,-0.053222,-0.0147
-0.51673,1.2073,0.11079
1.6935,0.4573,1.0671
-0.12757,0.18805,-0.45326
-0.62009,-1.9254,-1.4255
0.26799,-0.36262,-0.98408
1.365,0.86695,-0.42895
0.97178,-1.1435,2.0477
0.0078049,0.74676,0.5396
-0.6918,1.0841,0.62937
-0.75606,0.23883,-1.2033
-0.30823,-1.5379,-0.62026
-0.21484,1.082,-0.17101
-0.81029,-0.0057127,-1.1629
-0.64706,1.5723,0.1302
-0.80425,-0.10243,-0.66759
-0.70567,-0.2201,-0.45065
0.14085,1.5814,-0.29706
-0.35125,0.87254,0.82122
0.59728,0.039643,-1.1265
0.68242,-0.27189,0.16404
-0.47333,0.45177,-0.27108
-0.57116,-1.4166,-1.0569
1.7667,2.1078,-1.0225
-0.1121,0.0629,-0.43931
1.835,0.55994,-0.61994
-1.2469,0.095152,0.066407
-1.3722,0.67505,0.056657
1.3232,-0.23249,0.51504
-0.65199,0.014047,1.2129
1.4109,0.086528,2.5453
-0.085763,1.2868,0.24766
-0.33202,1.8442,0.28709
-0.26924,-0.18222,0.3272
-0.0063368,0.064372,-0.16835
-0.96172,-0.027967,-1.542
-0.1584,0.09114,0.33661
0.91903,-1.1715,-1.213
2.0161,2.7042,0.91551
-0.56805,0.58973,0.19289
-2.0677,0.068944,-0.12224
0.45397,0.091977,-3.5027
-1.1316,-1.4678,-0.79245
-1.8572,-0.26558,-0.92345
0.58789,-0.6985,0.58586
-1.3889,-1.9115,-0.99412
0.61201,1.1487,-0.61184
1.5582,-0.12201,0.12235
-0.29057,-0.55581,0.26175
0.57347,-0.20727,-2.6906
2.1558,-0.95743,1.9227
1.0163,-2.6759,-0.0052274
0.25102,0.79202,0.59225
0.57747,0.2907,0.409
1.6751,0.51458,-0.17695
0.0096961,0.63172,-0.037496
-0.79273,-1.0414,0.29836
0.97746,1.3062,0.90141
-0.73145,0.81976,-1.0036
-0.12493,-1.3533,1.3305
0.45062,0.92747,-0.1269
0.30384,-1.079,-1.305
-1.0321,1.8036,0.36657
-0.31864,-0.50356,-1.06
1.3008,0.98018,0.4526
0.44582,1.2967,1.1336
1.4618,-1.0004,-0.63848
1.2042,1.0931,1.0934
0.13541,0.25569,-0.32726
-0.037863,1.3737,0.30784
0.24345,0.40706,-1.6624
2.0426,-0.5352,2.1345
-0.025783,0.64007,-0.48912
1.6147,0.1121,0.018927
0.56629,1.1133,-1.0284
-1.3518,0.71717,0.2931
-1.7473,0.95802,-0.60016
0.48579,1.1685,0.93752
-0.65997,-0.035084,0.92422
1.2351,0.59232,1.5375
0.9333,0.5283,-0.71701
0.29529,0.75651,1.0567
-0.009564,-0.10034,1.119
1.3056,0.057759,-0.69341
0.025473,0.20783,0.63204
-3.2854,1.4857,-1.7715
-0.87317,-1.5745,-0.7952
-1.3304,0.4027,1.4392
-0.89154,-0.67859,-1.2313
0.69451,-1.1943,-0.097147
-0.87119,-0.38783,0.30854
0.68124,-1.3471,-1.0853
-0.77782,-0.76071,0.56436
-0.60345,-0.87257,-2.3944
-0.39108,0.43952,0.88464
0.71123,-0.65437,-0.80321
1.3275,-2.6228,1.203
0.13362,-0.97561,0.53306
-0.80892,1.1809,1.7626
1.697,-0.15109,-0.87238
-0.86075,-1.0523,-0.64627
-2.2092,0.4089,0.59825
-0.20342,-0.85196,0.021841
-0.60411,-0.31822,0.57758
0.61467,-1.2951,0.95219
-0.61855,-1.2106,-2.6272
-1.3747,0.025619,-0.70803
-1.8452,1.0107,1.6301
-0.16105,0.36796,1.3574
-0.50454,-0.70329,0.62057
-0.10024,-0.40358,-0.38265
0.12811,1.0934,0.47171
1.2662,1.1768,0.2136
-0.46696,-0.69894,0.46178
0.94252,0.41762,0.56368
-0.76444,-0.85922,-2.2685
1.6559,-0.99425,0.3438
1.2275,0.069355,-1.5709
-1.8021,1.2861,-0.94079
0.29191,0.93372,1.3165
0.33268,0.51208,0.050894
0.16871,-0.44483,-0.53149
-0.15542,-0.43188,0.096243
0.55885,0.020369,0.88715
-0.25286,1.2691,-1.0279
0.11672,-1.3498,-0.8022
-0.96457,0.46518,-0.32543
-0.78418,0.093374,-0.048225
-0.39441,-1.2181,0.69246
0.15314,0.63547,1.3341
-1.2404,0.26734,-1.2214
-0.28719,0.10535,-1.4013
-1.3102,0.2339,0.087815
0.90843,-1.8642,0.56312
0.47974,1.4541,-0.040419
0.17911,0.012528,-0.93242
0.46406,-1.4738,-0.8658
0.071597,0.63032,0.71006
0.21307,1.931,1.4713
-0.78831,1.339,0.54877
1.9247,0.61337,0.046881
0.43835,2.0949,0.035546
-2.3204,-1.8305,-1.0032
-1.3656,-0.75769,-0.38002
-0.69584,-1.649,-0.36363
0.8455,-0.3304,-1.1093
0.13594,-0.2934,0.16608
0.36937,-2.266,0.65122
0.32025,-0.57946,0.60478
0.3763,0.57818,-1.3873
-0.6313,-0.63895,-0.97047
-0.11137,0.67053,1.1611
0.8734,0.078008,-1.1416
-0.20448,0.39645,0.028959
0.09291,-0.84777,-1.7153
-0.19114,0.7429,0.01195
0.50528,-0.058834,0.59919
1.2792,-1.14,-1.2002
-1.1074,1.0486,0.7635
-0.74856,0.35838,-1.2977
-0.15819,2.1311,-0.19684
0.65383,0.36547,-0.23337
-1.0855,-1.9014,-0.37888
-0.79719,-1.1898,0.68874
-0.77437,0.21408,0.4156
-0.29895,0.38557,1.6417
-1.461,-0.61379,-0.54089
-1.496,-0.025916,0.78753
2.2024,1.3869,1.1399
-1.0675,0.76911,1.1916
-0.1683,0.70566,-1.5327
0.87279,-1.7986,-1.5825
-0.64291,-0.10059,2.0927
0.8305,-0.15299,0.91963
0.11127,-0.62043,-0.38427
-0.16542,0.56156,0.28598
0.50823,0.66464,-2.1293
1.0068,-0.081611,0.37075
1.1625,0.51458,-0.037871
1.903,0.87714,-0.45509
0.47053,-0.1595,2.8149
-0.77935,1.6635,-0.66366
-0.68657,-0.51409,-1.0015
0.35884,-0.43239,0.32268
0.82041,-1.872,-1.6379
1.2944,-0.53952,-0.94635
-0.39376,0.1696,-1.2109
0.057175,0.44099,-0.029936
-0.053314,-1.4546,-0.7111
-1.1507,0.1063,-0.33038
-0.47889,-0.62266,-0.30744
-0.9221,-0.37101,-1.465
0.18257,-0.96966,-1.3154
0.91754,-0.98723,0.44599
-0.044363,2.1338,-2.029
0.54935,0.5918,0.73717
0.042826,-0.096858,1.1314
-0.982,-0.73845,0.041543
0.37216,-1.8533,0.18367
0.13865,-0.061545,-0.17571
-0.50849,1.5862,1.6595
-0.84962,0.38089,0.2006
5.8304,4.9062,4.5409
5.049,3.6369,4.7869
3.1789,6.4675,4.5359
5.7331,6.9576,4.1404
4.665,4.4112,4.6883
5.9664,3.097,6.1082
5.7155,5.1865,5.6267
4.6453,6.3471,5.1183
4.4174,4.631,6.4378
5.0674,4.772,5.4865
4.9144,5.3725,4.8462
5.5153,6.3576,4.5873
5.6637,4.5847,4.6537
4.9388,4.7291,4.417
3.5885,3.9336,5.5554
6.4825,3.7601,4.5158
5.7854,4.905,6.1957
4.2456,4.5903,3.229
3.9926,6.1885,5.3015
4.5249,5.306,4.3703
5.5338,3.1897,6.096
5.1362,5.5844,4.3486
3.7543,3.719,3.0647
5.1361,3.4967,6.1836
4.4206,6.2577,4.9454
3.9736,5.1088,6.5826
4.6039,4.688,5.3969
5.4933,4.5696,5.6033
4.2841,4.8511,6.1436
5.9411,6.4885,5.6195
5.7807,4.3393,5.4176
5.5821,4.8436,6.5597
6.4019,4.6371,3.8758
3.4311,5.1405,4.1322
4.3449,6.1947,4.1037
5.3258,4.382,3.7676
6.1454,5.8674,5.7091
5.1706,4.9425,5.0107
5.7902,4.998,4.2511
4.2014,6.4648,5.1154
3.3766,4.488,4.6542
5.5317,6.4959,6.3588
4.9362,4.7529,5.4853
5.6855,5.4058,5.063
4.2888,4.2049,4.942
4.3146,3.8917,5.1955
3.3983,5.0484,5.9386
4.9664,4.2434,4.4101
4.9635,4.6739,3.9904
5.813,5.9951,4.7988
5.7678,4.7942,6.5008
3.9614,3.9035,5.9085
5.7631,5.0795,5.8358
6.7294,4.462,4.1479
7.3155,4.4778,2.6479
5.4689,3.916,4.7207
4.2558,4.7131,5.8192
5.6195,4.4323,3.8048
7.109,5.3031,3.5035
5.5804,5.0901,4.75
5.5522,4.4099,4.8167
3.3862,5.1367,4.8516
2.3797,2.4478,5.7328
4.2311,4.8318,3.8393
4.8804,3.9991,6.4788
5.7304,2.8389,6.4586
4.8416,5.3098,6.0132
5.4073,6.1431,4.1466
3.8669,5.3414,5.0498
4.0486,4.9327,3.3149
5.6768,5.2561,5.6644
6.1749,4.3384,4.5482
4.9019,5.6864,6.0646
5.392,4.9452,6.1503
4.5975,6.4285,3.818
4.7646,4.5986,2.6909
4.2458,4.8604,4.5375
5.7663,4.4723,5.64
4.5828,3.9005,6.122
5.3958,3.9859,5.2586
4.9653,4.6008,4.3908
5.5094,6.0238,4.6495
6.414,5.3215,6.0205
4.4724,5.5445,3.1952
7.1951,4.792,5.7146
6.2535,5.7735,3.8807
4.7282,4.7111,5.3844
5.1552,5.0804,6.9574
6.9598,7.2433,6.1384
4.1112,3.2508,4.2393
5.7075,4.9351,4.9209
4.836,6.2717,6.0258
4.8824,5.5221,6.5545
4.7798,2.1361,6.0665
1.9539,5.1857,4.9167
4.6882,4.3263,5.6033
6.2769,5.5591,5.4344
4.8507,5.992,5.5773
2.8597,5.3521,5.4858
4.5123,4.9391,4.3344
4.8578,4.8488,5.3187
3.8812,5.4833,5.509
4.1451,5.0357,4.6437
5.849,5.1354,5.7599
3.5216,5.2198,3.7946
5.2081,4.321,5.6365
4.1917,5.0812,5.1469
4.771,6.6788,6.2381
4.3373,3.0068,2.7615
4.1392,2.8728,4.7543
5.6508,6.4827,5.569
4.3277,3.6233,6.2205
4.8285,7.8105,4.9354
4.4285,4.4623,6.4388
4.31,5.3187,7.336
5.599,5.2415,6.1982
5.9109,4.8363,5.4454
4.7743,4.9212,4.1813
4.8573,4.7892,5.8089
4.8109,4.9537,6.3824
5.9699,3.9378,7.4016
6.6471,3.961,5.1983
5.4482,5.0876,5.3986
4.3242,5.4926,4.9602
5.7214,5.9489,5.3771
5.1679,6.5416,5.2996
5.151,4.9155,6.4912
4.4803,5.3155,6.2858
3.5242,4.0028,5.5194
5.6356,5.102,5.552
3.4577,4.576,4.0038
4.2874,3.3251,5.2621
4.7017,5.6431,3.2734
4.1049,5.8023,5.4382
3.7487,5.7503,7.6246
5.8342,5.857,4.7246
6.982,4.2046,6.776
5.3568,6.089,3.7484
5.1421,4.242,5.0522
4.6645,6.4758,5.6184
7.6339,6.2481,5.3305
5.1003,2.8995,6.1459
4.8541,4.8517,5.2835
5.0098,5.6552,2.2341
4.081,4.6011,6.2394
5.4921,7.0563,3.4702
5.3965,4.6609,2.7136
5.3066,6.5574,4.3405
5.1251,4.5687,5.7583
7.0325,3.4961,5.6782
4.3472,6.3187,7.026
4.7181,2.6401,4.3178
6.8487,4.6716,5.1119
4.7903,5.2896,3.9489
5.5099,5.7738,3.9051
5.0018,4.7604,4.4083
7.315,4.7749,4.2967
5.7618,4.2612,3.9161
5.9663,6.2635,5.367
4.7751,4.7323,4.3097
5.4465,5.7429,6.2645
2.8709,2.9548,4.383
5.1889,3.8744,4.5038
5.8256,5.3461,4.3671
4.5281,5.3656,7.4809
6.0832,5.8792,5.322
4.0674,3.9098,3.4481
3.7325,5.9666,4.9586
5.2991,4.5271,4.1207
4.8334,4.7153,5.0671
4.8651,4.7795,5.972
5.0754,4.4694,3.8711
5.8864,5.608,2.4646
5.0597,4.6055,5.2704
5.5442,4.2229,4.6274
3.1698,5.1689,4.364
6.179,5.5008,3.8264
3.7541,5.6323,3.2482
5.0445,4.2292,7.2329
4.9045,6.1385,4.3522
4.3455,4.4184,5.2796
3.0546,3.6696,5.7644
3.9073,4.7891,4.7299
5.5132,3.9581,5.6911
3.8774,3.6112,4.9156
4.4671,3.9825,5.2501
4.4666,6.0159,4.7695
5.5988,6.8641,3.0824
3.7845,6.292,3.8212
4.9314,5.2361,5.8428
3.3882,4.7283,4.2042
5.3087,4.8439,5.4236
5.768,5.0751,4.2112
6.1572,3.3318,5.4265
5.446,5.3978,5.0045
4.6492,4.9501,4.1901
5.0754,5.8382,4.2516
6.1823,4.6458,3.2534
4.7487,6.4729,7.2374
4.7406,6.1915,4.1217
5.0586,4.0945,5.8817
5.5191,7.5499,5.8389
5.3351,4.5457,4.7806
5.1553,4.0951,3.979
4.5641,6.3382,6.0696
5.8737,5.0465,5.8081
6.3916,5.3868,5.3983
7.2981,5.721,4.1715
4.9319,5.0557,5.0594
5.3411,3.3693,5.5545
4.7953,4.8247,4.6734
4.7294,5.2082,3.7068
4.8686,4.2075,5.7507
4.7834,5.3307,5.0804
4.7844,5.6414,6.1301
3.6851,5.3232,4.2098
4.667,5.3239,6.6113
5.3176,2.9978,7.376
5.0677,4.6704,5.6575
6.5587,4.9688,6.4044
5.3544,3.9619,4.6588
4.9162,5.8705,5.6577
4.7312,5.0801,4.9467
5.0213,4.7661,5.6269
6.1918,4.6688,5.8011
3.4243,6.0394,5.216
4.0821,5.8829,3.7174
4.6193,5.5331,5.0029
6.5923,4.316,5.0654
3.9144,3.1202,5.4573
4.3249,3.3514,5.0949
5.9403,4.5359,7.2135
4.8471,5.8151,5.1931
6.7838,4.7795,5.1679
5.808,6.3967,4.33
4.0618,5.596,5.1527
3.5503,3.2642,4.7889
6.1859,5.1953,5.2407
5.6031,5.6001,5.7805
3.7695,4.2667,5.2225
5.5844,4.1661,4.4535
4.2645,3.775,3.9138
6.3798,4.9258,5.3207
5.31,4.0943,5.7356
4.3491,5.8052,5.5949
5.2457,5.0919,6.8978
5.6694,5.3249,4.5615
5.4732,4.7739,2.7155
4.3741,5.1674,4.9795
3.9912,4.9263,5.6144
5.6272,5.1028,5.753
4.1876,5.9519,3.8168
6.0937,5.0639,4.111
6.7855,5.0572,5.9847
3.4256,4.3263,6.1151
5.4891,7.1402,5.2765
4.0357,4.1253,6.2636
3.5049,5.5932,4.1088
4.3722,4.5833,4.8922
5.048,2.8681,5.7695
5.0453,4.4879,4.1787
4.8343,5.7465,4.0306
6.3503,4.196,3.9534
4.8876,4.6496,5.3777
2.2067,4.3055,4.5411
4.6453,5.1112,5.116
4.0945,3.5508,6.2046
5.7089,5.1342,5.175
4.682,5.3854,6.3243
4.8743,7.0191,4.7989
6.1751,2.4839,6.249
8.0868,4.7566,6.0543
4.5998,4.3378,4.5868
3.935,3.8929,3.5393
4.6575,4.9246,4.3599
3.5068,3.7103,5.0314
5.8467,2.4951,6.001
5.682,4.9062,5.448
5.2761,3.6705,3.7183
6.061,6.1357,6.0508
6.7711,4.9861,3.8659
4.8327,4.1726,5.332
5.5901,6.0525,4.3905
5.9951,5.2872,6.1323
6.3565,4.708,6.6008
4.7688,5.7503,3.7365
3.9847,4.812,4.1746
5.654,4.614,3.8755
5.3788,5.565,4.6155
4.3612,4.1054,4.5842
6.1358,4.5346,4.3724
4.8923,6.5391,5.5847
3.9226,6.0797,5.5675
5.956,5.2278,4.9371
5.1611,5.3702,5.1196
4.8721,4.2188,4.5904
5.1067,3.5537,5.7636
5.6714,3.9109,6.1651
5.279,4.4361,3.1279
5.6126,5.6043,4.8865
5.9,4.4595,5.6731
5.2883,6.2968,7.0116
8.0382,5.3606,4.8929
4.0657,3.6386,6.4916
6.0628,5.0807,3.1855
5.3096,4.4523,6.6418
5.1642,3.4898,2.93
5.0466,5.2234,6.3863
4.6552,6.3406,3.4756
6.6877,4.6549,6.0616
5.3169,5.2834,4.7693
3.4921,5.1792,5.7757
4.4313,4.213,4.7204
5.1161,4.8484,4.7686
5.2573,4.0504,3.1199
4.5726,5.9332,6.7078
4.0541,5.1578,4.7241
5.8309,7.1716,4.3481
4.8529,4.625,7.1304
5.6941,5.1575,5.2377
7.3127,5.4363,5.1596
3.9782,6.3903,6.1175
5.365,6.3822,6.3322
2.2675,6.1204,5.0801
6.3118,4.5752,4.3811
4.9757,4.9008,3.695
3.5069,5.6275,5.4137
5.9532,5.7268,6.816
7.0845,5.7491,5.0139
5.6871,4.1416,4.8852
4.7306,5.0994,5.5606
4.0014,3.9213,2.4359
4.7778,5.3291,5.487
3.8398,4.8658,5.2873
5.3694,5.1258,5.1914
4.3777,4.1919,4.1276
5.1395,5.6093,4.9118
5.3409,4.8376,6.1217
6.3971,3.734,4.8902
5.6463,6.3021,6.1463
5.7845,3.9217,3.1781
4.5875,5.1811,3.8293
4.5621,4.5355,7.08
4.0079,3.9434,6.8428
6.9562,5.7879,3.8299
4.6015,3.2013,3.9851
4.0539,6.0956,4.213
5.3094,6.5499,5.4371
4.4659,4.4775,4.2618
4.394,5.3916,5.0725
3.8455,6.4426,4.7904
5.3469,6.9961,6.033
6.5985,3.7258,2.8665
5.3965,4.2739,5.0386
5.1118,5.3642,3.86
5.9144,5.2445,5.1228
4.1699,6.1004,4.9872
4.9381,5.2492,4.8123
5.096,4.9309,4.9617
6.2199,5.3078,3.3024
6.412,4.9374,6.394
4.3558,2.5219,5.4005
4.551,4.2465,4.2627
3.9517,5.643,5.7753
3.8807,4.0469,4.7693
4.1634,3.323,5.7213
5.6715,5.0322,5.8633
4.531,5.1925,5.4912
5.2671,4.1203,4.2645
4.612,4.3004,3.4293
5.7555,5.529,4.4018
6.4821,4.9424,6.2962
6.0692,4.6604,4.4729
6.0574,5.5824,4.2675
4.2155,6.0941,4.502
4.3423,4.9648,5.7629
4.74,5.8753,4.6929
4.536,4.5585,3.0184
5.9957,4.9034,4.8807
4.0875,4.9718,5.3529
7.8142,6.3001,5.5103
4.6661,2.8318,6.8443
3.8463,5.4909,5.7653
3.7326,2.991,6.0405
4.8568,6.0191,4.1639
5.3434,4.725,5.0615
5.7857,5.1217,3.6045
4.3654,6.8439,4.8517
4.8128,5.1554,6.854
2.7209,4.334,3.2258
5.0575,4.5317,5.9107
4.5188,5.2886,4.7006
4.362,5.4162,7.2683
5.4314,2.5389,3.6443
3.396,6.6457,5.1719
5.776,4.0524,4.9257
4.5567,3.8753,3.3947
4.4335,5.2655,5.7931
4.3963,3.2131,4.4549
6.1801,5.9399,3.8441
4.9081,4.1446,5.6166
4.7543,5.12,4.7453
5.8318,4.558,4.9353
3.9833,4.7788,4.7717
3.6969,6.7313,3.0164
3.8375,5.8021,4.0566
5.9393,4.7589,3.7417
3.4154,6.0907,5.6187
5.4486,5.1764,3.643
6.1934,5.6275,3.8699
4.3446,4.6375,4.4292
3.3479,2.6118,4.6121
3.2237,4.7253,7.103
4.4729,6.0667,5.5354
4.4188,5.9472,5.359
4.992,6.2754,5.5898
7.9863,4.6397,4.7511
5.788,3.9903,5.5378
5.9106,4.6132,6.2035
6.9726,3.6765,5.4983
5.5486,5.0921,4.0276
6.7001,6.1446,5.8619
6.2606,6.6304,3.5025
4.3364,4.3194,4.2303
3.9352,4.6538,4.3476
6.314,5.1118,5.7005
7.1333,3.9621,5.4732
4.4487,5.8625,3.4483
5.5461,4.1133,4.7299
5.4471,6.5864,4.8235
5.4409,5.6455,3.3644
2.5028,4.1244,5.6686
4.7937,6.6404,4.22
4.6554,6.2904,5.8407
4.4723,4.4887,5.3326
4.9756,4.338,3.8344
4.107,3.603,5.4068
3.6324,3.8184,6.5603
7.1565,7.2956,4.3569
3.5942,6.3159,3.558
5.1993,6.1287,5.4584
3.6854,4.7293,6.099
5.3292,5.1337,4.6275
5.2018,6.4385,5.0411
6.5439,5.6666,5.5233
4.4923,4.1586,4.7578
4.9943,5.9512,6.4292
4.7161,3.5542,3.9561
6.9771,4.3032,3.4886
4.7981,5.0519,4.916
2.6573,3.9427,4.8265
2.9259,6.552,3.616
4.3619,4.2881,5.9819
5.5584,4.8939,4.5285
5.0662,6.3261,5.3569
4.4611,6.131,4.5726
4.5067,5.0006,7.6296
7.6309,5.1227,5.9385
5.0274,5.0182,4.7039
3.6066,3.2582,3.8836
5.5979,6.5961,5.5694
3.2539,4.6996,3.408
6.4156,4.7031,3.8379
5.7393,5.1036,6.11
5.6362,4.2681,4.4508
3.8945,5.9532,6.3973
3.9737,4.9334,4.1223
3.6986,4.4862,6.2437
7.185,6.056,4.6085
4.4509,5.0431,4.5559
6.1746,4.1225,5.6327
3.0045,4.6962,6.6165
4.5327,4.7914,4.598
3.6124,5.7189,4.8445
4.5616,6.7786,3.2364
6.0075,6.6758,4.8405
4.1238,6.701,4.0459
5.2474,4.0233,6.8334
5.186,5.5879,4.7045
6.707,5.4413,5.0443
5.1208,4.4733,5.268
4.6728,5.1479,8.3344
4.4751,4.256,5.9078
4.4938,4.6404,2.4851
5.6432,3.6802,5.4338
5.5958,5.7544,4.7639
4.0642,5.4716,6.1363
3.7717,3.2025,3.8929
4.2593,6.6254,2.1353
4.7722,4.678,4.4248
4.2485,3.9957,6.281
5.4438,4.1817,4.3155
4.3121,5.7239,4.9286
5.2361,4.3627,4.047
6.157,4.7849,6.0227
5.4432,4.2114,6.3099
5.1673,5.7465,4.1217
4.8598,5.3254,5.1881
4.9124,4.0634,5.8067
4.3365,4.3445,4.6331
5.8816,5.7392,4.4598
5.154,4.5133,3.9286
4.6855,5.8846,5.2178
5.0313,6.8041,3.6658
4.4272,4.1614,3.6052
6.2592,6.4305,4.5722
3.1892,6.4455,4.2153
6.0887,6.1283,4.9942
3.1914,5.0721,5.5218
6.8384,4.7242,4.9434
5.8524,5.0096,5.6833
6.5293,5.074,6.1464
5.3392,4.8323,5.5485
4.5106,5.9359,4.8516
5.5045,2.9052,5.8436
4.0165,4.0784,5.2845
6.2522,6.1653,4.9484
6.2075,7.237,4.3079
4.8044,3.8492,4.5067
4.1454,3.9932,6.5975
6.0554,4.0008,4.9198
6.4262,5.335,6.3569
3.3821,5.3933,5.5832
4.2335,6.5809,5.4937
2.7985,3.5894,6.2363
5.032,6.2121,4.8986
5.4489,3.6046,4.4537
4.6677,6.1337,4.5356
5.1169,5.0138,4.3507
6.1497,6.4073,5.2958
5.5761,5.7222,3.7279
6.251,3.0165,3.9938
4.4162,5.3946,5.3303
4.4143,3.6743,5.5631
4.3578,5.6082,5.5166
6.2488,3.9056,4.2261
5.3646,3.8827,4.3305
4.915,4.7096,5.7625
4.2958,5.5086,4.4027
4.0336,6.6609,4.9049
4.8383,4.3799,4.593
6.052,4.2791,4.1022
4.5933,3.4117,5.3124
4.3336,7.2385,5.8161
3.9705,7.005,5.0209
4.3573,4.2449,5.13
4.928,5.8909,5.0797
5.1403,3.7657,4.1875
4.5527,6.6376,3.2267
3.9591,4.5907,4.744
4.6327,3.6325,7.4967
6.0316,3.0206,4.8852
6.8039,5.5141,5.358
5.5396,4.8798,4.0348
5.7682,7.3352,3.5584
5.3031,5.5826,6.0046
5.1091,5.6944,7.1105
5.1428,3.6036,3.2758
4.2049,5.6506,5.648
5.7838,4.6083,3.3717
6.0385,5.2168,4.5142
5.9155,5.6391,4.4321
5.5722,5.269,4.9919
2.8584,3.9791,4.4001
6.1209,5.0984,5.2103
4.2512,3.7219,5.5933
5.6528,4.3288,4.2018
4.2235,4.7451,5.9585
5.2329,3.6289,5.0679
6.0787,5.2936,5.5619
6.1796,4.6119,4.8302
4.82,5.0103,4.8776
5.0833,6.1813,3.7543
4.217,4.426,4.6185
4.165,3.559,4.8263
4.4885,5.0268,4.5524
5.2966,4.1336,3.7904
4.9891,6.195,4.026
4.9244,5.8003,4.6806
5.8674,4.8271,6.403
2.7921,3.6587,4.7091
5.4878,5.9781,6.0361
6.2682,6.3547,5.823
5.3246,4.1997,5.7214
5.7124,3.3457,4.9449
5.344,5.4334,3.9232
4.5384,5.58,5.2853
4.7342,4.8739,5.0029
3.1765,5.3566,6.3262
2.9431,5.097,4.992
5.7564,4.4298,4.7363
5.4109,4.9431,6.11
6.3384,4.6026,5.4846
4.502,6.2499,3.1706
4.3097,8.0448,5.5957
5.8149,5.9109,4.7368
4.6267,5.2532,5.3322
4.8863,3.0706,5.959
4.4248,5.9529,4.9673
4.9836,4.4323,3.4088
4.588,5.9266,3.1864
5.8078,5.165,4.4922
5.5888,4.2708,4.0896
4.7839,5.4696,5.1981
5.3956,6.7359,6.1611
6.9158,7.6335,3.3345
4.3011,4.974,6.4917
5.8134,6.5884,5.5359
4.265,4.6326,4.7697
4.4669,4.6966,4.9634
3.9594,6.053,5.3808
4.7146,4.6423,4.7659
5.1939,5.6979,4.9526
4.6476,4.3629,4.4871
5.5354,6.116,6.2275
4.3443,3.5286,6.3149
5.0356,6.219,5.7092
6.0875,5.2909,4.3942
1.4248,4.3545,4.9069
3.6232,4.4186,4.4555
5.4464,4.919,7.2152
5.8237,4.3731,4.3258
5.5765,5.0577,5.7404
5.7097,4.1483,5.4179
5.6004,3.8264,4.9204
4.9067,2.0345,4.4248
5.9441,3.2675,4.9646
4.6988,4.4573,3.3859
5.22,5.6206,6.0674
4.6439,5.8203,5.5008
4.7553,5.8702,5.6439
4.8255,2.6341,6.6359
5.9356,5.7103,4.5192
4.5446,6.0294,6.4446
5.1261,5.9833,6.518
6.0011,5.8181,3.385
6.3772,4.3002,5.1193
4.6494,4.9143,3.3104
4.0639,4.9156,5.7799
6.199,4.1506,5.161
6.0571,4.902,5.6936
3.9957,4.4478,6.1693
3.0517,4.5984,5.064
3.0132,5.9956,5.2261
5.8852,4.7483,5.9296
5.012,3.9625,4.1105
5.878,5.6502,5.1072
4.9828,4.8128,4.3658
6.3914,5.6838,3.6229
3.4246,5.9311,5.0603
4.6325,5.5296,3.1201
4.7838,5.6241,2.921
5.1289,4.8525,3.6574
3.7222,6.7973,3.9357
5.6795,5.7258,6.5447
4.1369,4.1695,3.0312
3.7221,4.4996,5.3832
5.5447,4.4233,4.4557
3.6314,5.7966,5.7035
5.2395,6.0811,5.1716
7.0837,5.3652,6.5283
6.2275,7.8986,2.4261
3.975,6.5826,6.7007
4.7552,1.6438,4.629
6.3911,4.793,6.6706
6.1801,4.1131,3.422
5.9454,6.102,4.644
3.1076,5.4906,5.7018
4.7064,4.4132,3.7733
8.0195,6.6093,5.0956
4.9845,3.6725,4.4912
4.0205,3.6677,5.7614
5.6823,4.7041,4.4755
4.5795,4.3491,5.211
5.9277,4.8391,5.2096
4.7487,5.1069,4.9095
6.5203,4.7351,4.9396
5.0426,4.4336,3.7895
3.0358,3.851,5.2
5.4026,4.4522,4.8711
7.6573,5.8312,3.4515
6.6828,7.1623,3.8706
5.0021,4.6154,3.0477
4.4608,5.3111,4.4702
4.5676,5.2179,5.1756
4.0045,5.7478,6.3317
5.6712,4.8119,5.341
3.6344,6.8917,4.4328
4.9538,3.6912,6.2912
5.5814,4.2407,7.4299
4.0082,6.8281,5.2807
6.2117,5.8567,4.5796
5.4766,5.3172,4.075
3.5152,5.3783,4.1972
5.5859,4.5297,4.761
5.3835,5.9813,3.3471
4.4082,5.3207,6.7409
6.2074,5.1902,5.1943
4.9342,5.7613,4.94
3.9966,4.4582,4.9035
2.3202,3.6376,4.4891
5.1633,3.687,3.5408
6.5797,4.3893,3.0407
6.5515,5.066,5.4602
5.0895,4.9606,5.4964
4.1351,6.0598,4.4635
3.8483,5.1606,4.8321
6.1615,3.6655,4.3443
5.5635,5.5316,5.4797
4.4184,4.4608,5.981
6.1259,6.7177,5.6706
3.8492,4.6842,5.1947
5.9147,4.4337,5.2515
4.2529,4.9819,4.5886
5.3323,3.426,4.3299
5.5242,5.1203,4.1841
5.2296,5.2138,5.2212
5.286,5.9074,4.7528
4.7378,3.9202,5.6341
3.6968,3.6843,6.6409
4.9699,5.0242,4.2471
5.0639,5.4348,6.3791
5.615,5.1327,4.9938
6.1833,5.4946,5.5353
4.508,4.2381,4.6098
4.9569,1.893,5.9748
6.9098,4.7201,5.6361
4.8087,5.9092,6.0162
5.4754,5.4085,6.4515
3.7428,4.6102,5.2925
6.6914,5.4013,6.0785
6.5601,4.8135,3.8837
4.9681,7.0604,5.9058
5.6136,6.6644,6.5954
6.0244,4.9189,6.4141
5.1665,4.57,1.2011
4.3009,4.6427,2.3789
5.1658,4.2883,5.629
6.6094,5.7202,4.8068
3.2612,3.7309,3.9019
6.6865,4.1722,4.8596
4.7624,5.8926,5.3225
3.5074,6.3144,3.3062
6.0614,4.6842,4.6443
4.5383,6.6071,6.1797
4.4892,4.7808,3.4561
4.4866,5.8488,5.3
4.1982,5.5081,3.5202
5.3098,4.7197,3.319
3.8641,5.3611,4.6154
5.3552,5.8354,5.8769
5.5463,5.0667,6.0558
3.7513,3.5715,6.0023
5.2977,3.9213,4.9451
6.2909,4.3026,5.327
3.6992,5.0017,4.4281
4.1995,4.4328,4.6966
4.0036,4.7079,4.4061
4.1466,2.598,5.7706
3.4774,4.1541,5.3894
4.5105,5.2093,4.1901
4.3033,3.3397,5.7216
6.3094,3.7441,5.3058
4.811,6.0562,6.2791
4.2031,5.8557,4.1702
5.9281,4.3071,5.1884
3.7724,3.4316,2.572
3.8342,5.1879,5.0961
6.4178,5.4202,6.0377
5.3636,3.4053,4.9282
3.4567,3.8827,5.8162
5.5067,5.9291,5.0208
4.4606,5.4037,5.3578
3.3307,4.9202,5.7377
6.5352,6.2677,6.9951
5.2236,3.6847,5.1815
3.7215,3.4905,4.9648
4.9825,4.9005,5.5688
5.5492,5.1328,3.7701
6.6455,5.939,3.8504
7.6229,7.3756,5.0564
4.4121,4.017,3.621
4.913,4.2393,4.1255
4.5315,4.6233,3.3683
4.1567,7.0772,6.8603
4.9245,2.4898,2.8127
5.5252,4.1476,4.689
6.6036,5.659,5.6732
4.2303,6.057,5.2261
5.5711,4.4731,5.5755
5.9128,4.8415,5.6686
4.1401,6.1602,5.0702
4.4834,4.014,5.2651
5.0494,5.4624,4.5425
5.3642,6.2451,6.0969
3.6769,5.5071,6.2127
4.1598,5.0038,5.2494
4.2577,4.823,5.6152
4.8529,4.7189,2.9859
4.795,5.0798,5.2016
5.3631,4.9576,4.9142
4.0936,2.8062,2.8636
5.1105,4.0262,5.251
3.9291,6.1759,4.8726
3.9484,3.6073,4.5529
4.1462,5.5639,5.5187
4.0936,6.9403,3.0873
4.4688,3.4059,7.7051
3.0515,3.7947,4.0099
5.496,5.653,7.1245
5.1759,5.7739,4.3843
4.4234,3.2878,5.5381
5.776,3.5493,5.276
5.154,3.2652,5.2104
5.4791,3.332,5.3977
4.476,4.076,5.8699
4.616,3.9475,3.9668
7.3654,3.6105,7.6186
5.4975,4.0157,5.6685
5.8224,4.0038,5.6437
4.9857,5.4064,5.1905
4.3801,3.2319,5.3564
5.1296,4.1226,4.9489
4.5925,4.2663,6.0707
5.0408,5.3074,5.3165
6.6021,5.3201,6.4165
6.8237,4.97,6.5283
5.6054,5.2172,4.0443
6.8108,5.7975,5.3173
6.2181,5.6653,4.1827
5.5903,5.3441,5.4855
5.4188,4.4166,6.1115
6.1986,3.6039,5.1904
5.7463,6.6802,5.7301
2.9126,6.0054,5.3538
6.3004,4.9653,4.6399
4.0027,4.3446,3.7027
3.6408,4.2336,4.9044
4.3821,5.701,6.0657
4.2808,3.7229,3.9981
4.8961,6.3696,4.8664
4.4795,5.5595,3.6228
6.6574,5.1725,5.773
4.7445,8.6333,3.9588
5.4361,2.0329,6.9516
3.4524,4.6915,4.3893
5.3546,4.1907,5.3628
4.5181,4.288,3.2568
4.7788,7.0135,5.9233
5.0935,5.0907,5.3909
5.3781,3.0687,4.1599
8.4864,4.3742,5.6764
3.6925,5.164,6.176
4.4759,4.0973,5.3073
4.0621,3.797,4.6219
4.3545,5.7582,4.1214
6.4202,3.1684,5.009
5.9954,4.7089,4.3803
3.4961,4.4148,7.0716
4.3487,5.455,4.2474
6.3614,4.605,4.9065
5.6004,4.6156,3.6066
5.8391,4.2953,5.5502
6.6793,5.0469,5.3902
5.4378,4.6008,4.4637
3.6424,4.9165,4.7256
5.4651,4.4327,5.1155
2.8151,4.7215,4.9351
4.4024,5.3587,3.6167
3.9198,3.9323,4.3198
6.1497,5.4441,6.1811
3.2697,5.1189,6.8027
5.4619,6.0127,3.3851
5.4098,6.2582,6.1313
5.0709,4.7707,5.5258
5.1384,6.7366,5.1138
3.9687,4.6113,4.777
5.7313,5.0443,5.4388
7.5895,6.1209,5.779
6.3986,6.593,5.6616
4.2168,4.3035,5.4221
5.8417,4.5293,4.7037
5.2441,4.7615,4.2425
4.9952,3.0102,7.1756
4.5493,6.0482,3.8424
4.7268,5.7996,4.0153
4.8512,4.9954,5.2856
4.7685,4.63,4.5015
4.8608,4.4457,3.0784
6.015,5.4626,6.2842
4.7764,5.4502,3.863
4.1534,4.6321,5.8675
4.3821,4.7924,5.7143
6.0655,5.1287,4.8057
4.9231,4.4832,3.9977
5.8008,2.0785,5.0595
5.788,4.6798,4.0178
4.6938,5.3333,6.2973
4.8466,5.3795,6.5847
4.8918,4.0985,4.3703
6.0068,3.8705,5.651
3.3606,5.7909,5.0015
4.6926,3.9856,5.0301
3.5811,5.1917,4.1995
3.3552,5.9119,6.321
3.6433,5.3677,4.6297
3.3821,3.6944,5.6936
7.2587,4.2504,4.085
5.4095,7.7951,4.9686
3.6927,5.5114,2.3201
5.7806,3.0232,4.5033
4.4651,4.9346,6.3157
6.4754,3.6218,3.6753
4.6648,3.4714,5.0453
2.8819,4.5656,5.3548
3.3118,5.2288,5.1473
4.0437,4.1117,5.2503
4.3403,5.2166,4.4711
4.2024,3.6963,6.7763
5.0553,5.7552,4.458
5.7067,5.3437,5.5587
4.2329,6.0309,4.8907
4.4411,3.9436,5.5278
4.8299,3.9778,5.4675
5.7018,3.7021,6.0649
4.0649,4.9474,5.5109
4.8607,3.6143,5.7988
5.7051,5.6798,4.1552
5.164,4.4004,4.6648
4.8097,6.9103,5.2731
5.998,5.9551,5.7628
5.1634,3.5228,4.7932
5.7654,4.6724,4.6344
3.0556,6.083,5.8015
4.872,3.8519,5.7791
4.2357,6.3809,5.848
3.2444,3.0238,8.6829
4.6639,5.3855,5.3907
4.472,4.8259,6.5749
5.6217,5.6995,5.9278
6.2091,4.5968,4.3301
4.6743,4.5261,4.7679
5.6739,4.3779,3.8727
5.2937,5.6171,6.7139
7.7786,5.6308,4.3028
4.6235,6.9092,5.7471
4.5549,5.9879,6.2293
6.1569,4.7811,4.4209
4.4711,5.6816,4.9503
4.3222,7.2533,5.1903
5.1772,6.7897,8.3898
6.0223,4.3807,4.159
6.0339,4.1434,4.8653
5.9173,3.6342,3.8844
5.8132,3.3094,5.4335
5.2239,5.6191,4.2208
4.7475,5.1307,7.1785
5.2564,5.645,4.9315
6.2379,5.1572,4.0596
4.6811,5.2714,4.8313
5.5171,5.1722,5.7072
4.7722,5.4016,5.969
5.2782,3.6252,4.9128
5.1418,5.1022,5.7926
4.1344,5.5705,4.4731
4.6453,5.6578,4.3165
4.2165,5.4949,4.4708
3.1564,3.5536,6.1332
5.8764,5.7277,5.858
5.2303,2.8696,3.7238
4.4497,5.9607,6.564
4.3171,5.2068,4.4635
5.2349,4.8682,1.8468
4.4231,6.2791,5.158
6.0898,4.9489,6.8816
5.2807,3.6891,3.879
6.2721,4.4861,5.1718
5.803,4.3769,6.9605
4.7235,5.4006,5.8644
5.0919,5.5891,5.164
6.335,5.8122,3.9361
6.5394,5.1334,3.9254
5.3978,5.3992,4.287
3.6981,4.8044,3.7047
6.5584,3.9969,4.417
3.7291,3.9743,6.304
4.3091,5.8335,6.7924
5.5848,4.4342,4.8931
4.0299,7.2063,4.526
5.3326,2.6181,5.2504
4.9917,4.6814,5.3252
5.1827,4.2413,4.2774
5.0166,4.2648,4.5284
4.5061,4.4294,3.2128
3.6354,4.3602,6.3393
5.3221,5.0434,6.4859
5.3342,5.5418,4.4202
5.6384,4.0156,5.547
3.8697,6.0373,3.8216
3.89,4.5398,5.3173
